event_date,order_id,event_count,total_amount,payment_events,refund_events,shipment_events,warning_count,critical_count
2023-01-01,ORD-000305,1,40000.0,0,0,0,1,0
2023-01-01,ORD-000619,1,18000.0,0,0,0,1,0
2023-01-02,ORD-000547,1,9000.0,0,0,0,1,0
2023-01-02,ORD-000934,1,9000.0,0,0,0,1,0
2023-01-03,ORD-000170,1,120500.0,0,0,0,1,0
2023-01-03,ORD-000715,1,58600.0,0,0,0,1,0
2023-01-04,ORD-001026,1,5000.0,0,0,0,1,0
2023-01-05,ORD-000669,1,4000.0,0,0,0,1,0
2023-01-07,ORD-000419,1,80000.0,0,0,0,1,0
2023-01-07,ORD-000465,1,13400.0,0,0,0,1,0
2023-01-07,ORD-000529,1,40000.0,0,0,0,1,0
2023-01-08,ORD-000143,1,87.75,0,0,0,1,0
2023-01-08,ORD-000706,1,5000.0,0,0,0,1,0
2023-01-09,ORD-000431,1,40000.0,0,0,0,1,0
2023-01-10,ORD-000122,1,139.05,0,0,0,1,0
2023-01-10,ORD-000266,1,9000.0,0,0,0,1,0
2023-01-10,ORD-000656,1,68.68,0,0,0,1,0
2023-01-10,ORD-001071,1,9000.0,0,0,0,1,0
2023-01-10,ORD-001116,1,24000.0,0,0,0,1,0
2023-01-11,ORD-000424,1,4000.0,0,0,0,1,0
2023-01-11,ORD-000790,1,4000.0,0,0,0,1,0
2023-01-11,ORD-001087,1,55500.0,0,0,0,1,0
2023-01-11,ORD-001115,1,25000.0,0,0,0,1,0
2023-01-12,ORD-000651,1,70700.0,0,0,0,1,0
2023-01-13,ORD-001041,1,12600.0,0,0,0,1,0
2023-01-13,ORD-001103,1,84400.0,0,0,0,1,0
2023-01-15,ORD-000352,1,81700.0,0,0,0,1,0
2023-01-16,ORD-000935,1,71100.0,0,0,0,1,0
2023-01-16,ORD-001151,1,107500.0,0,0,0,1,0
2023-01-17,ORD-000053,1,44000.0,0,0,0,1,0
2023-01-17,ORD-000955,1,76500.0,0,0,0,1,0
2023-01-17,ORD-000960,1,6500.0,0,0,0,1,0
2023-01-18,ORD-001002,1,25000.0,0,0,0,1,0
2023-01-19,ORD-000149,1,5000.0,0,0,0,1,0
2023-01-20,ORD-000022,1,25000.0,0,0,0,1,0
2023-01-20,ORD-000689,1,12500.0,0,0,0,1,0
2023-01-21,ORD-000539,1,30.61,0,0,0,1,0
2023-01-21,ORD-000837,1,9000.0,0,0,0,1,0
2023-01-24,ORD-000576,1,5000.0,0,0,0,1,0
2023-01-24,ORD-000887,1,40000.0,0,0,0,1,0
2023-01-25,ORD-000433,1,12000.0,0,0,0,1,0
2023-01-25,ORD-000571,1,18000.0,0,0,0,1,0
2023-01-25,ORD-000815,1,1500.0,0,0,0,1,0
2023-01-25,ORD-001034,1,12000.0,0,0,0,1,0
2023-01-25,ORD-001064,1,95100.0,0,0,0,1,0
2023-01-26,ORD-000457,1,40000.0,0,0,0,1,0
2023-01-26,ORD-000869,1,22900.0,0,0,0,1,0
2023-01-27,ORD-000025,1,25000.0,0,0,0,1,0
2023-01-27,ORD-000530,1,6700.0,0,0,0,1,0
2023-01-27,ORD-000752,1,25000.0,0,0,0,1,0
2023-01-28,ORD-000208,1,61000.0,0,0,0,1,0
2023-01-28,ORD-000594,1,44500.0,0,0,0,1,0
2023-01-29,ORD-000458,1,57000.0,0,0,0,1,0
2023-01-29,ORD-000972,1,12000.0,0,0,0,1,0
2023-01-30,ORD-000194,1,40000.0,0,0,0,1,0
2023-01-30,ORD-000417,1,12000.0,0,0,0,1,0
2023-01-30,ORD-000654,1,44.34,0,0,0,1,0
2023-01-30,ORD-000824,1,12200.0,0,0,0,1,0
2023-01-31,ORD-000741,1,25000.0,0,0,0,1,0
2023-01-31,ORD-000800,1,54300.0,0,0,0,1,0
2023-02-01,ORD-000168,1,5000.0,0,0,0,1,0
2023-02-01,ORD-000551,1,40000.0,0,0,0,1,0
2023-02-01,ORD-000600,1,25000.0,0,0,0,1,0
2023-02-01,ORD-000738,1,26.34,0,0,0,1,0
2023-02-01,ORD-000818,1,12000.0,0,0,0,1,0
2023-02-01,ORD-001136,1,78000.0,0,0,0,1,0
2023-02-02,ORD-000347,1,25200.0,0,0,0,1,0
2023-02-02,ORD-000602,1,5000.0,0,0,0,1,0
2023-02-02,ORD-000807,1,1500.0,0,0,0,1,0
2023-02-03,ORD-000142,1,25000.0,0,0,0,1,0
2023-02-04,ORD-000322,1,42600.0,0,0,0,1,0
2023-02-04,ORD-000443,1,39000.0,0,0,0,1,0
2023-02-05,ORD-000935,1,5000.0,0,0,0,1,0
2023-02-05,ORD-001035,1,1500.0,0,0,0,1,0
2023-02-06,ORD-000664,1,55500.0,0,0,0,1,0
2023-02-06,ORD-001000,1,12000.0,0,0,0,1,0
2023-02-06,ORD-001164,1,8100.0,0,0,0,1,0
2023-02-07,ORD-000357,1,55000.0,0,0,0,1,0
2023-02-07,ORD-000568,1,12000.0,0,0,0,1,0
2023-02-07,ORD-001075,1,12000.0,0,0,0,1,0
2023-02-08,ORD-000108,1,5000.0,0,0,0,1,0
2023-02-08,ORD-000698,1,82200.0,0,0,0,1,0
2023-02-08,ORD-001035,1,107800.0,0,0,0,1,0
2023-02-09,ORD-000331,1,40400.0,0,0,0,1,0
2023-02-09,ORD-000601,1,79.21,0,0,0,1,0
2023-02-10,ORD-000202,1,27000.0,0,0,0,1,0
2023-02-10,ORD-000949,1,12000.0,0,0,0,1,0
2023-02-10,ORD-001167,1,25000.0,0,0,0,1,0
2023-02-10,ORD-001389,1,25000.0,0,0,0,1,0
2023-02-11,ORD-000984,1,18500.0,0,0,0,1,0
2023-02-12,ORD-000897,1,114000.0,0,0,0,1,0
2023-02-12,ORD-000957,1,12000.0,0,0,0,1,0
2023-02-12,ORD-000990,1,18000.0,0,0,0,1,0
2023-02-13,ORD-000294,1,25200.0,0,0,0,1,0
2023-02-13,ORD-000580,1,18000.0,0,0,0,1,0
2023-02-13,ORD-000973,1,12000.0,0,0,0,1,0
2023-02-14,ORD-000460,1,6700.0,0,0,0,1,0
2023-02-15,ORD-000193,1,20100.0,0,0,0,1,0
2023-02-15,ORD-000326,1,25500.0,0,0,0,1,0
2023-02-15,ORD-000568,1,9000.0,0,0,0,1,0
2023-02-16,ORD-001023,1,10700.0,0,0,0,1,0
2023-02-16,ORD-001054,1,6500.0,0,0,0,1,0
2023-02-17,ORD-000127,1,92400.0,0,0,0,1,0
2023-02-17,ORD-000489,1,9000.0,0,0,0,1,0
2023-02-17,ORD-000815,1,40000.0,0,0,0,1,0
2023-02-18,ORD-000503,1,12000.0,0,0,0,1,0
2023-02-18,ORD-001062,1,69000.0,0,0,0,1,0
2023-02-19,ORD-000280,1,12000.0,0,0,0,1,0
2023-02-19,ORD-000478,1,3000.0,0,0,0,1,0
2023-02-19,ORD-000830,1,12000.0,0,0,0,1,0
2023-02-19,ORD-001132,1,56700.0,0,0,0,1,0
2023-02-20,ORD-000325,1,25000.0,0,0,0,1,0
2023-02-20,ORD-000721,1,5000.0,0,0,0,1,0
2023-02-20,ORD-000725,1,5000.0,0,0,0,1,0
2023-02-21,ORD-000632,1,77000.0,0,0,0,1,0
2023-02-22,ORD-000249,1,25000.0,0,0,0,1,0
2023-02-22,ORD-000697,1,12000.0,0,0,0,1,0
2023-02-23,ORD-001085,1,42100.0,0,0,0,1,0
2023-02-23,ORD-001191,1,32100.0,0,0,0,1,0
2023-02-24,ORD-000361,1,25000.0,0,0,0,1,0
2023-02-24,ORD-000943,1,7000.0,0,0,0,1,0
2023-02-24,ORD-001188,1,37500.0,0,0,0,1,0
2023-02-25,ORD-000526,1,2.77,0,0,0,1,0
2023-02-25,ORD-000958,1,40000.0,0,0,0,1,0
2023-02-26,ORD-000639,1,40000.0,0,0,0,1,0
2023-02-27,ORD-000067,1,86000.0,0,0,0,1,0
2023-02-27,ORD-000125,1,32000.0,0,0,0,1,0
2023-02-27,ORD-000303,1,12000.0,0,0,0,1,0
2023-02-27,ORD-000324,1,34500.0,0,0,0,1,0
2023-02-27,ORD-001007,1,61000.0,0,0,0,1,0
2023-02-28,ORD-000343,1,40000.0,0,0,0,1,0
2023-02-28,ORD-001161,1,12000.0,0,0,0,1,0
2023-03-01,ORD-000137,1,41500.0,0,0,0,1,0
2023-03-01,ORD-000547,1,25000.0,0,0,0,1,0
2023-03-02,ORD-000195,1,30000.0,0,0,0,1,0
2023-03-02,ORD-000218,1,95100.0,0,0,0,1,0
2023-03-02,ORD-001150,1,48000.0,0,0,0,1,0
2023-03-04,ORD-000117,1,5000.0,0,0,0,1,0
2023-03-05,ORD-001158,1,40000.0,0,0,0,1,0
2023-03-05,ORD-001190,1,5000.0,0,0,0,1,0
2023-03-06,ORD-000135,1,44400.0,0,0,0,1,0
2023-03-06,ORD-000871,1,26000.0,0,0,0,1,0
2023-03-07,ORD-000394,1,75600.0,0,0,0,1,0
2023-03-07,ORD-000437,1,18000.0,0,0,0,1,0
2023-03-07,ORD-000630,1,98500.0,0,0,0,1,0
2023-03-07,ORD-001025,1,9000.0,0,0,0,1,0
2023-03-08,ORD-000284,1,5000.0,0,0,0,1,0
2023-03-10,ORD-000249,1,62.59,0,0,0,1,0
2023-03-10,ORD-000527,1,18000.0,0,0,0,1,0
2023-03-10,ORD-000922,1,188500.0,0,0,0,1,0
2023-03-10,ORD-001078,1,25000.0,0,0,0,1,0
2023-03-10,ORD-001181,1,18000.0,0,0,0,1,0
2023-03-11,ORD-000504,1,30000.0,0,0,0,1,0
2023-03-11,ORD-001154,1,18000.0,0,0,0,1,0
2023-03-12,ORD-000625,1,2500.0,0,0,0,1,0
2023-03-13,ORD-000196,1,37200.0,0,0,0,1,0
2023-03-13,ORD-000712,1,93.05,0,0,0,1,0
2023-03-14,ORD-000772,1,67.66,0,0,0,1,0
2023-03-14,ORD-000956,1,9000.0,0,0,0,1,0
2023-03-15,ORD-000710,1,23200.0,0,0,0,1,0
2023-03-15,ORD-000722,1,5000.0,0,0,0,1,0
2023-03-15,ORD-000834,1,41100.0,0,0,0,1,0
2023-03-15,ORD-001012,1,18000.0,0,0,0,1,0
2023-03-16,ORD-000479,1,6500.0,0,0,0,1,0
2023-03-16,ORD-001199,1,40000.0,0,0,0,1,0
2023-03-17,ORD-000690,1,77200.0,0,0,0,1,0
2023-03-18,ORD-000023,1,40000.0,0,0,0,1,0
2023-03-18,ORD-000464,1,15000.0,0,0,0,1,0
2023-03-20,ORD-000083,1,36000.0,0,0,0,1,0
2023-03-20,ORD-000847,1,197100.0,0,0,0,1,0
2023-03-20,ORD-000915,1,18000.0,0,0,0,1,0
2023-03-21,ORD-000905,1,25000.0,0,0,0,1,0
2023-03-21,ORD-001044,1,19000.0,0,0,0,1,0
2023-03-22,ORD-000623,1,113400.0,0,0,0,1,0
2023-03-22,ORD-000749,1,5000.0,0,0,0,1,0
2023-03-22,ORD-001189,1,9000.0,0,0,0,1,0
2023-03-22,ORD-001196,1,60200.0,0,0,0,1,0
2023-03-23,ORD-000184,1,2500.0,0,0,0,1,0
2023-03-23,ORD-000488,1,40000.0,0,0,0,1,0
2023-03-24,ORD-000008,1,42500.0,0,0,0,1,0
2023-03-24,ORD-000709,1,71.04,0,0,0,1,0
2023-03-24,ORD-001068,1,5000.0,0,0,0,1,0
2023-03-24,ORD-001083,1,9.84,0,0,0,1,0
2023-03-25,ORD-000200,1,9000.0,0,0,0,1,0
2023-03-25,ORD-000242,1,29700.0,0,0,0,1,0
2023-03-25,ORD-000853,1,25000.0,0,0,0,1,0
2023-03-26,ORD-000541,1,36700.0,0,0,0,1,0
2023-03-26,ORD-000606,1,3000.0,0,0,0,1,0
2023-03-26,ORD-000785,1,3000.0,0,0,0,1,0
2023-03-26,ORD-001052,1,5000.0,0,0,0,1,0
2023-03-27,ORD-000521,1,7500.0,0,0,0,1,0
2023-03-27,ORD-001173,1,63000.0,0,0,0,1,0
2023-03-28,ORD-000133,1,16.84,0,0,0,1,0
2023-03-28,ORD-000806,1,4000.0,0,0,0,1,0
2023-03-29,ORD-000415,1,23000.0,0,0,0,1,0
2023-03-29,ORD-001072,1,103.95,0,0,0,1,0
2023-03-29,ORD-001162,1,22000.0,0,0,0,1,0
2023-03-30,ORD-000343,1,4000.0,0,0,0,1,0
2023-03-30,ORD-000858,1,9000.0,0,0,0,1,0
2023-03-30,ORD-001032,1,25000.0,0,0,0,1,0
2023-03-31,ORD-000013,1,28200.0,0,0,0,1,0
2023-03-31,ORD-000187,1,97500.0,0,0,0,1,0
2023-03-31,ORD-000728,1,100100.0,0,0,0,1,0
2023-03-31,ORD-000829,1,2500.0,0,0,0,1,0
2023-03-31,ORD-001009,1,25000.0,0,0,0,1,0
2023-04-02,ORD-000501,1,9000.0,0,0,0,1,0
2023-04-02,ORD-000546,1,40000.0,0,0,0,1,0
2023-04-03,ORD-001202,1,25000.0,0,0,0,1,0
2023-04-04,ORD-001002,1,25000.0,0,0,0,1,0
2023-04-05,ORD-000480,1,40000.0,0,0,0,1,0
2023-04-05,ORD-000516,1,25000.0,0,0,0,1,0
2023-04-06,ORD-000626,1,44000.0,0,0,0,1,0
2023-04-06,ORD-000912,1,18000.0,0,0,0,1,0
2023-04-07,ORD-000239,1,6500.0,0,0,0,1,0
2023-04-08,ORD-000663,1,25000.0,0,0,0,1,0
2023-04-09,ORD-000784,1,25000.0,0,0,0,1,0
2023-04-09,ORD-001170,1,40000.0,0,0,0,1,0
2023-04-10,ORD-000183,1,9000.0,0,0,0,1,0
2023-04-10,ORD-000342,1,5000.0,0,0,0,1,0
2023-04-10,ORD-000564,1,9500.0,0,0,0,1,0
2023-04-10,ORD-000729,1,25000.0,0,0,0,1,0
2023-04-10,ORD-000846,1,94.35,0,0,0,1,0
2023-04-11,ORD-000561,1,54000.0,0,0,0,1,0
2023-04-11,ORD-000849,1,9000.0,0,0,0,1,0
2023-04-11,ORD-000922,1,25000.0,0,0,0,1,0
2023-04-11,ORD-000977,1,25000.0,0,0,0,1,0
2023-04-12,ORD-000258,1,25000.0,0,0,0,1,0
2023-04-12,ORD-000356,1,4000.0,0,0,0,1,0
2023-04-12,ORD-000406,1,35.55,0,0,0,1,0
2023-04-12,ORD-000425,1,18000.0,0,0,0,1,0
2023-04-12,ORD-001079,1,9000.0,0,0,0,1,0
2023-04-14,ORD-000062,1,25000.0,0,0,0,1,0
2023-04-14,ORD-000472,1,137500.0,0,0,0,1,0
2023-04-14,ORD-000554,1,72200.0,0,0,0,1,0
2023-04-15,ORD-000377,1,18000.0,0,0,0,1,0
2023-04-15,ORD-000468,1,29400.0,0,0,0,1,0
2023-04-16,ORD-000707,1,13000.0,0,0,0,1,0
2023-04-16,ORD-000725,1,9000.0,0,0,0,1,0
2023-04-17,ORD-000348,1,102600.0,0,0,0,1,0
2023-04-17,ORD-000746,1,76.74,0,0,0,1,0
2023-04-17,ORD-000948,1,25000.0,0,0,0,1,0
2023-04-18,ORD-000692,1,21200.0,0,0,0,1,0
2023-04-19,ORD-000420,1,108500.0,0,0,0,1,0
2023-04-19,ORD-000471,1,5000.0,0,0,0,1,0
2023-04-19,ORD-000667,1,18000.0,0,0,0,1,0
2023-04-19,ORD-000915,1,18000.0,0,0,0,1,0
2023-04-20,ORD-000001,1,12000.0,0,0,0,1,0
2023-04-20,ORD-001065,1,5000.0,0,0,0,1,0
2023-04-22,ORD-000166,1,2500.0,0,0,0,1,0
2023-04-22,ORD-000635,1,1500.0,0,0,0,1,0
2023-04-23,ORD-000104,1,13000.0,0,0,0,1,0
2023-04-23,ORD-000323,1,40000.0,0,0,0,1,0
2023-04-24,ORD-000359,1,27600.0,0,0,0,1,0
2023-04-25,ORD-000013,1,8000.0,0,0,0,1,0
2023-04-26,ORD-000593,1,144500.0,0,0,0,1,0
2023-04-26,ORD-001002,1,12000.0,0,0,0,1,0
2023-04-27,ORD-000199,1,148700.0,0,0,0,1,0
2023-04-27,ORD-000205,1,61100.0,0,0,0,1,0
2023-04-29,ORD-001194,1,5000.0,0,0,0,1,0
2023-04-30,ORD-000285,1,80900.0,0,0,0,1,0
2023-04-30,ORD-001167,1,12000.0,0,0,0,1,0
2023-05-01,ORD-000316,1,25000.0,0,0,0,1,0
2023-05-01,ORD-000735,1,74700.0,0,0,0,1,0
2023-05-01,ORD-000833,1,5000.0,0,0,0,1,0
2023-05-01,ORD-001182,1,42500.0,0,0,0,1,0
2023-05-02,ORD-000005,1,5000.0,0,0,0,1,0
2023-05-02,ORD-000609,1,12000.0,0,0,0,1,0
2023-05-02,ORD-000677,1,9500.0,0,0,0,1,0
2023-05-02,ORD-000860,1,116500.0,0,0,0,1,0
2023-05-04,ORD-000201,1,41500.0,0,0,0,1,0
2023-05-04,ORD-000466,1,72500.0,0,0,0,1,0
2023-05-04,ORD-000559,1,5000.0,0,0,0,1,0
2023-05-04,ORD-000846,1,9000.0,0,0,0,1,0
2023-05-04,ORD-001055,1,119500.0,0,0,0,1,0
2023-05-05,ORD-000595,1,12000.0,0,0,0,1,0
2023-05-05,ORD-000834,1,5000.0,0,0,0,1,0
2023-05-07,ORD-000002,1,102300.0,0,0,0,1,0
2023-05-07,ORD-000484,1,25000.0,0,0,0,1,0
2023-05-07,ORD-000865,1,18000.0,0,0,0,1,0
2023-05-07,ORD-000881,1,6700.0,0,0,0,1,0
2023-05-08,ORD-000765,1,6000.0,0,0,0,1,0
2023-05-08,ORD-000828,1,20100.0,0,0,0,1,0
2023-05-08,ORD-000857,1,33000.0,0,0,0,1,0
2023-05-09,ORD-000429,1,45500.0,0,0,0,1,0
2023-05-09,ORD-000671,1,12000.0,0,0,0,1,0
2023-05-09,ORD-000709,1,18000.0,0,0,0,1,0
2023-05-09,ORD-000730,1,7900.0,0,0,0,1,0
2023-05-09,ORD-000740,1,82900.0,0,0,0,1,0
2023-05-10,ORD-000096,1,99.03,0,0,0,1,0
2023-05-10,ORD-000181,1,12000.0,0,0,0,1,0
2023-05-11,ORD-000867,1,64500.0,0,0,0,1,0
2023-05-13,ORD-000046,1,12000.0,0,0,0,1,0
2023-05-13,ORD-000509,1,20000.0,0,0,0,1,0
2023-05-13,ORD-000958,1,9000.0,0,0,0,1,0
2023-05-13,ORD-001111,1,134400.0,0,0,0,1,0
2023-05-15,ORD-000734,1,37500.0,0,0,0,1,0
2023-05-15,ORD-000937,1,18000.0,0,0,0,1,0
2023-05-16,ORD-000195,1,1500.0,0,0,0,1,0
2023-05-17,ORD-000114,1,92700.0,0,0,0,1,0
2023-05-17,ORD-000633,1,5000.0,0,0,0,1,0
2023-05-17,ORD-000722,1,5000.0,0,0,0,1,0
2023-05-17,ORD-000874,1,25000.0,0,0,0,1,0
2023-05-19,ORD-000184,1,25000.0,0,0,0,1,0
2023-05-21,ORD-000508,1,51500.0,0,0,0,1,0
2023-05-22,ORD-000887,1,9000.0,0,0,0,1,0
2023-05-22,ORD-001190,1,83200.0,0,0,0,1,0
2023-05-25,ORD-000009,1,5000.0,0,0,0,1,0
2023-05-26,ORD-000624,1,13000.0,0,0,0,1,0
2023-05-27,ORD-001058,1,138200.0,0,0,0,1,0
2023-05-30,ORD-000055,1,12000.0,0,0,0,1,0
2023-05-30,ORD-000064,1,79.32,0,0,0,1,0
2023-05-31,ORD-000129,1,16400.0,0,0,0,1,0
2023-05-31,ORD-000154,1,9000.0,0,0,0,1,0
2023-05-31,ORD-000702,1,25000.0,0,0,0,1,0
2023-06-01,ORD-000249,1,4000.0,0,0,0,1,0
2023-06-01,ORD-000373,1,35700.0,0,0,0,1,0
2023-06-02,ORD-000613,1,9000.0,0,0,0,1,0
2023-06-02,ORD-000875,1,136900.0,0,0,0,1,0
2023-06-03,ORD-000007,1,8000.0,0,0,0,1,0
2023-06-03,ORD-000386,1,99100.0,0,0,0,1,0
2023-06-03,ORD-001179,1,25000.0,0,0,0,1,0
2023-06-04,ORD-000537,1,40000.0,0,0,0,1,0
2023-06-04,ORD-000538,1,25000.0,0,0,0,1,0
2023-06-05,ORD-000191,1,9000.0,0,0,0,1,0
2023-06-05,ORD-000583,1,91500.0,0,0,0,1,0
2023-06-05,ORD-000782,1,18000.0,0,0,0,1,0
2023-06-05,ORD-000921,1,19500.0,0,0,0,1,0
2023-06-05,ORD-001025,1,40000.0,0,0,0,1,0
2023-06-05,ORD-001198,1,18000.0,0,0,0,1,0
2023-06-06,ORD-000089,1,9000.0,0,0,0,1,0
2023-06-06,ORD-000918,1,18000.0,0,0,0,1,0
2023-06-06,ORD-001068,1,6500.0,0,0,0,1,0
2023-06-07,ORD-000111,1,5000.0,0,0,0,1,0
2023-06-07,ORD-000367,1,60.13,0,0,0,1,0
2023-06-07,ORD-000372,1,25000.0,0,0,0,1,0
2023-06-07,ORD-000465,1,40000.0,0,0,0,1,0
2023-06-07,ORD-000666,1,5000.0,0,0,0,1,0
2023-06-08,ORD-000345,1,3400.0,0,0,0,1,0
2023-06-08,ORD-000422,1,12000.0,0,0,0,1,0
2023-06-08,ORD-000681,1,18000.0,0,0,0,1,0
2023-06-08,ORD-000723,1,1500.0,0,0,0,1,0
2023-06-09,ORD-001209,1,12000.0,0,0,0,1,0
2023-06-10,ORD-000335,1,77400.0,0,0,0,1,0
2023-06-10,ORD-000451,1,60500.0,0,0,0,1,0
2023-06-10,ORD-000604,1,95500.0,0,0,0,1,0
2023-06-11,ORD-000098,1,12000.0,0,0,0,1,0
2023-06-11,ORD-000134,1,25000.0,0,0,0,1,0
2023-06-13,ORD-000432,1,40000.0,0,0,0,1,0
2023-06-13,ORD-000638,1,40000.0,0,0,0,1,0
2023-06-14,ORD-000508,1,25000.0,0,0,0,1,0
2023-06-14,ORD-000847,1,18000.0,0,0,0,1,0
2023-06-14,ORD-001033,1,36400.0,0,0,0,1,0
2023-06-14,ORD-001080,1,55700.0,0,0,0,1,0
2023-06-15,ORD-000036,1,11000.0,0,0,0,1,0
2023-06-15,ORD-000217,1,18000.0,0,0,0,1,0
2023-06-16,ORD-000361,1,9000.0,0,0,0,1,0
2023-06-16,ORD-000382,1,40000.0,0,0,0,1,0
2023-06-18,ORD-000174,1,7500.0,0,0,0,1,0
2023-06-18,ORD-000812,1,18000.0,0,0,0,1,0
2023-06-18,ORD-001015,1,60600.0,0,0,0,1,0
2023-06-18,ORD-001122,1,40500.0,0,0,0,1,0
2023-06-18,ORD-001135,1,42500.0,0,0,0,1,0
2023-06-19,ORD-000461,1,93900.0,0,0,0,1,0
2023-06-19,ORD-000850,1,5000.0,0,0,0,1,0
2023-06-21,ORD-000299,1,2.24,0,0,0,1,0
2023-06-21,ORD-000741,1,5000.0,0,0,0,1,0
2023-06-21,ORD-001163,1,12000.0,0,0,0,1,0
2023-06-22,ORD-000651,1,25000.0,0,0,0,1,0
2023-06-22,ORD-000715,1,25000.0,0,0,0,1,0
2023-06-23,ORD-000221,1,161700.0,0,0,0,1,0
2023-06-23,ORD-000600,1,34200.0,0,0,0,1,0
2023-06-23,ORD-000923,1,18000.0,0,0,0,1,0
2023-06-23,ORD-001106,1,25000.0,0,0,0,1,0
2023-06-24,ORD-000017,1,28700.0,0,0,0,1,0
2023-06-24,ORD-000358,1,25000.0,0,0,0,1,0
2023-06-24,ORD-000957,1,5000.0,0,0,0,1,0
2023-06-25,ORD-000475,1,9000.0,0,0,0,1,0
2023-06-26,ORD-000051,1,25000.0,0,0,0,1,0
2023-06-26,ORD-000517,1,12000.0,0,0,0,1,0
2023-06-27,ORD-000092,1,5000.0,0,0,0,1,0
2023-06-27,ORD-000319,1,12600.0,0,0,0,1,0
2023-06-27,ORD-000929,1,5000.0,0,0,0,1,0
2023-06-28,ORD-000731,1,74.1,0,0,0,1,0
2023-06-30,ORD-000085,1,100000.0,0,0,0,1,0
2023-06-30,ORD-000305,1,9000.0,0,0,0,1,0
2023-06-30,ORD-000977,1,18000.0,0,0,0,1,0
2023-07-02,ORD-000273,1,25000.0,0,0,0,1,0
2023-07-02,ORD-000809,1,5000.0,0,0,0,1,0
2023-07-03,ORD-000799,1,12000.0,0,0,0,1,0
2023-07-04,ORD-000627,1,28.27,0,0,0,1,0
2023-07-05,ORD-000072,1,41.05,0,0,0,1,0
2023-07-05,ORD-000323,1,125.69,0,0,0,1,0
2023-07-05,ORD-000338,1,40000.0,0,0,0,1,0
2023-07-05,ORD-000670,1,25000.0,0,0,0,1,0
2023-07-05,ORD-001146,1,14000.0,0,0,0,1,0
2023-07-05,ORD-001344,1,12000.0,0,0,0,1,0
2023-07-06,ORD-000805,1,70200.0,0,0,0,1,0
2023-07-06,ORD-000831,1,32400.0,0,0,0,1,0
2023-07-07,ORD-000340,1,18000.0,0,0,0,1,0
2023-07-07,ORD-000504,1,25000.0,0,0,0,1,0
2023-07-07,ORD-000783,1,116600.0,0,0,0,1,0
2023-07-07,ORD-000794,1,9000.0,0,0,0,1,0
2023-07-07,ORD-000987,1,12000.0,0,0,0,1,0
2023-07-07,ORD-001159,1,2500.0,0,0,0,1,0
2023-07-08,ORD-000276,1,12000.0,0,0,0,1,0
2023-07-09,ORD-000402,1,5000.0,0,0,0,1,0
2023-07-09,ORD-000406,1,12000.0,0,0,0,1,0
2023-07-09,ORD-000865,1,16000.0,0,0,0,1,0
2023-07-10,ORD-000614,1,5000.0,0,0,0,1,0
2023-07-10,ORD-000733,1,7000.0,0,0,0,1,0
2023-07-10,ORD-001147,1,9000.0,0,0,0,1,0
2023-07-11,ORD-000095,1,25500.0,0,0,0,1,0
2023-07-11,ORD-000170,1,25000.0,0,0,0,1,0
2023-07-11,ORD-001142,1,8500.0,0,0,0,1,0
2023-07-12,ORD-000074,1,4000.0,0,0,0,1,0
2023-07-12,ORD-000644,1,9000.0,0,0,0,1,0
2023-07-12,ORD-000667,1,130000.0,0,0,0,1,0
2023-07-12,ORD-001013,1,20.21,0,0,0,1,0
2023-07-13,ORD-000613,1,7.22,0,0,0,1,0
2023-07-14,ORD-000549,1,85.7,0,0,0,1,0
2023-07-14,ORD-000990,1,72.62,0,0,0,1,0
2023-07-15,ORD-000341,1,4000.0,0,0,0,1,0
2023-07-15,ORD-000756,1,27600.0,0,0,0,1,0
2023-07-15,ORD-000859,1,12000.0,0,0,0,1,0
2023-07-16,ORD-000395,1,2500.0,0,0,0,1,0
2023-07-16,ORD-000489,1,5000.0,0,0,0,1,0
2023-07-16,ORD-000567,1,4000.0,0,0,0,1,0
2023-07-16,ORD-000665,1,40000.0,0,0,0,1,0
2023-07-17,ORD-000529,1,40000.0,0,0,0,1,0
2023-07-17,ORD-000644,1,18000.0,0,0,0,1,0
2023-07-17,ORD-000850,1,5000.0,0,0,0,1,0
2023-07-18,ORD-000297,1,28000.0,0,0,0,1,0
2023-07-18,ORD-000381,1,25000.0,0,0,0,1,0
2023-07-18,ORD-000841,1,18500.0,0,0,0,1,0
2023-07-19,ORD-000533,1,40000.0,0,0,0,1,0
2023-07-19,ORD-001046,1,12000.0,0,0,0,1,0
2023-07-19,ORD-001382,1,40000.0,0,0,0,1,0
2023-07-20,ORD-000354,1,34000.0,0,0,0,1,0
2023-07-20,ORD-000467,1,18000.0,0,0,0,1,0
2023-07-20,ORD-000537,1,113700.0,0,0,0,1,0
2023-07-20,ORD-000799,1,120200.0,0,0,0,1,0
2023-07-21,ORD-000788,1,54700.0,0,0,0,1,0
2023-07-21,ORD-000803,1,40000.0,0,0,0,1,0
2023-07-21,ORD-001096,1,6500.0,0,0,0,1,0
2023-07-22,ORD-000318,1,9000.0,0,0,0,1,0
2023-07-22,ORD-000504,1,40000.0,0,0,0,1,0
2023-07-22,ORD-001053,1,9000.0,0,0,0,1,0
2023-07-23,ORD-000067,1,9000.0,0,0,0,1,0
2023-07-23,ORD-000118,1,31900.0,0,0,0,1,0
2023-07-24,ORD-000069,1,57.98,0,0,0,1,0
2023-07-24,ORD-000694,1,175.87,0,0,0,1,0
2023-07-24,ORD-000891,1,5000.0,0,0,0,1,0
2023-07-24,ORD-001031,1,12000.0,0,0,0,1,0
2023-07-26,ORD-000029,1,22000.0,0,0,0,1,0
2023-07-27,ORD-000014,1,8000.0,0,0,0,1,0
2023-07-27,ORD-000212,1,12000.0,0,0,0,1,0
2023-07-27,ORD-000677,1,5000.0,0,0,0,1,0
2023-07-27,ORD-000723,1,39000.0,0,0,0,1,0
2023-07-28,ORD-000096,1,25000.0,0,0,0,1,0
2023-07-28,ORD-000614,1,52100.0,0,0,0,1,0
2023-07-28,ORD-001138,1,23.55,0,0,0,1,0
2023-07-29,ORD-000067,1,12000.0,0,0,0,1,0
2023-07-29,ORD-000777,1,36700.0,0,0,0,1,0
2023-07-30,ORD-000067,1,9000.0,0,0,0,1,0
2023-07-30,ORD-000918,1,48600.0,0,0,0,1,0
2023-07-31,ORD-000030,1,25000.0,0,0,0,1,0
2023-07-31,ORD-000385,1,5000.0,0,0,0,1,0
2023-08-01,ORD-000962,1,5000.0,0,0,0,1,0
2023-08-02,ORD-000290,1,25000.0,0,0,0,1,0
2023-08-03,ORD-000453,1,18000.0,0,0,0,1,0
2023-08-03,ORD-000631,1,32.63,0,0,0,1,0
2023-08-03,ORD-000797,1,3000.0,0,0,0,1,0
2023-08-04,ORD-000863,1,9.77,0,0,0,1,0
2023-08-05,ORD-000062,1,40000.0,0,0,0,1,0
2023-08-05,ORD-000378,1,12000.0,0,0,0,1,0
2023-08-05,ORD-000492,1,18000.0,0,0,0,1,0
2023-08-05,ORD-000556,1,9600.0,0,0,0,1,0
2023-08-05,ORD-000620,1,70000.0,0,0,0,1,0
2023-08-06,ORD-000039,1,12000.0,0,0,0,1,0
2023-08-06,ORD-000098,1,5500.0,0,0,0,1,0
2023-08-06,ORD-000495,1,40000.0,0,0,0,1,0
2023-08-06,ORD-000989,1,5000.0,0,0,0,1,0
2023-08-07,ORD-000658,1,18000.0,0,0,0,1,0
2023-08-08,ORD-000501,1,9000.0,0,0,0,1,0
2023-08-08,ORD-001144,1,101.49,0,0,0,1,0
2023-08-10,ORD-000370,1,37600.0,0,0,0,1,0
2023-08-10,ORD-000566,1,182.99,0,0,0,1,0
2023-08-10,ORD-001122,1,12000.0,0,0,0,1,0
2023-08-11,ORD-000245,1,61000.0,0,0,0,1,0
2023-08-11,ORD-000608,1,92.02,0,0,0,1,0
2023-08-11,ORD-001036,1,39700.0,0,0,0,1,0
2023-08-12,ORD-000192,1,57.44,0,0,0,1,0
2023-08-13,ORD-000675,1,25000.0,0,0,0,1,0
2023-08-13,ORD-001174,1,176500.0,0,0,0,1,0
2023-08-14,ORD-000197,1,120.6,0,0,0,1,0
2023-08-14,ORD-000762,1,9000.0,0,0,0,1,0
2023-08-14,ORD-001249,1,25000.0,0,0,0,1,0
2023-08-15,ORD-000531,1,58700.0,0,0,0,1,0
2023-08-15,ORD-000781,1,25000.0,0,0,0,1,0
2023-08-15,ORD-001186,1,5000.0,0,0,0,1,0
2023-08-18,ORD-000122,1,18000.0,0,0,0,1,0
2023-08-18,ORD-000679,1,9000.0,0,0,0,1,0
2023-08-18,ORD-000954,1,12000.0,0,0,0,1,0
2023-08-18,ORD-001137,1,84400.0,0,0,0,1,0
2023-08-19,ORD-000386,1,12000.0,0,0,0,1,0
2023-08-19,ORD-001158,1,9000.0,0,0,0,1,0
2023-08-20,ORD-000061,1,12000.0,0,0,0,1,0
2023-08-20,ORD-000865,1,12000.0,0,0,0,1,0
2023-08-22,ORD-000985,1,63000.0,0,0,0,1,0
2023-08-23,ORD-000388,1,5000.0,0,0,0,1,0
2023-08-23,ORD-000577,1,17500.0,0,0,0,1,0
2023-08-23,ORD-000643,1,36400.0,0,0,0,1,0
2023-08-26,ORD-000005,1,114400.0,0,0,0,1,0
2023-08-26,ORD-000368,1,9000.0,0,0,0,1,0
2023-08-26,ORD-000446,1,12000.0,0,0,0,1,0
2023-08-27,ORD-000329,1,12000.0,0,0,0,1,0
2023-08-27,ORD-000587,1,60000.0,0,0,0,1,0
2023-08-29,ORD-000033,1,18000.0,0,0,0,1,0
2023-08-29,ORD-000256,1,40000.0,0,0,0,1,0
2023-08-29,ORD-000547,1,40000.0,0,0,0,1,0
2023-08-30,ORD-000724,1,9000.0,0,0,0,1,0
2023-08-30,ORD-001022,1,80700.0,0,0,0,1,0
2023-08-31,ORD-000223,1,82600.0,0,0,0,1,0
2023-08-31,ORD-000479,1,38000.0,0,0,0,1,0
2023-09-01,ORD-000155,1,18000.0,0,0,0,1,0
2023-09-01,ORD-000276,1,10.7,0,0,0,1,0
2023-09-01,ORD-000916,1,25000.0,0,0,0,1,0
2023-09-02,ORD-000948,1,78500.0,0,0,0,1,0
2023-09-03,ORD-000054,1,35900.0,0,0,0,1,0
2023-09-03,ORD-000425,1,40.49,0,0,0,1,0
2023-09-03,ORD-000821,1,59.05,0,0,0,1,0
2023-09-03,ORD-001016,1,9000.0,0,0,0,1,0
2023-09-04,ORD-000645,1,40000.0,0,0,0,1,0
2023-09-05,ORD-000455,1,18000.0,0,0,0,1,0
2023-09-06,ORD-000213,1,27000.0,0,0,0,1,0
2023-09-06,ORD-001007,1,40000.0,0,0,0,1,0
2023-09-07,ORD-000003,1,40000.0,0,0,0,1,0
2023-09-07,ORD-000004,1,40000.0,0,0,0,1,0
2023-09-08,ORD-000076,1,18000.0,0,0,0,1,0
2023-09-08,ORD-000377,1,18000.0,0,0,0,1,0
2023-09-08,ORD-000427,1,12000.0,0,0,0,1,0
2023-09-08,ORD-000658,1,113.64,0,0,0,1,0
2023-09-08,ORD-000742,1,39.33,0,0,0,1,0
2023-09-08,ORD-001061,1,78900.0,0,0,0,1,0
2023-09-08,ORD-001119,1,12000.0,0,0,0,1,0
2023-09-09,ORD-000193,1,10500.0,0,0,0,1,0
2023-09-09,ORD-000264,1,14500.0,0,0,0,1,0
2023-09-09,ORD-000438,1,34000.0,0,0,0,1,0
2023-09-09,ORD-000542,1,94000.0,0,0,0,1,0
2023-09-09,ORD-000706,1,55200.0,0,0,0,1,0
2023-09-09,ORD-000970,1,12000.0,0,0,0,1,0
2023-09-10,ORD-000153,1,40000.0,0,0,0,1,0
2023-09-10,ORD-000354,1,25000.0,0,0,0,1,0
2023-09-10,ORD-000846,1,9000.0,0,0,0,1,0
2023-09-10,ORD-000956,1,18000.0,0,0,0,1,0
2023-09-11,ORD-000785,1,50100.0,0,0,0,1,0
2023-09-12,ORD-000135,1,9000.0,0,0,0,1,0
2023-09-12,ORD-000159,1,39.1,0,0,0,1,0
2023-09-12,ORD-000575,1,40000.0,0,0,0,1,0
2023-09-12,ORD-000704,1,25000.0,0,0,0,1,0
2023-09-13,ORD-000214,1,88900.0,0,0,0,1,0
2023-09-13,ORD-000306,1,43.63,0,0,0,1,0
2023-09-13,ORD-000652,1,9000.0,0,0,0,1,0
2023-09-13,ORD-000657,1,66400.0,0,0,0,1,0
2023-09-13,ORD-001032,1,69.65,0,0,0,1,0
2023-09-14,ORD-000048,1,9000.0,0,0,0,1,0
2023-09-14,ORD-001110,1,181.85,0,0,0,1,0
2023-09-15,ORD-001063,1,12000.0,0,0,0,1,0
2023-09-15,ORD-001125,1,40000.0,0,0,0,1,0
2023-09-16,ORD-000781,1,5000.0,0,0,0,1,0
2023-09-17,ORD-000134,1,5000.0,0,0,0,1,0
2023-09-17,ORD-000292,1,12200.0,0,0,0,1,0
2023-09-18,ORD-000214,1,4000.0,0,0,0,1,0
2023-09-18,ORD-000533,1,12000.0,0,0,0,1,0
2023-09-18,ORD-000686,1,13000.0,0,0,0,1,0
2023-09-18,ORD-001038,1,5000.0,0,0,0,1,0
2023-09-18,ORD-001195,1,135100.0,0,0,0,1,0
2023-09-19,ORD-000449,1,9000.0,0,0,0,1,0
2023-09-19,ORD-000497,1,12000.0,0,0,0,1,0
2023-09-19,ORD-000657,1,1500.0,0,0,0,1,0
2023-09-19,ORD-000742,1,9000.0,0,0,0,1,0
2023-09-19,ORD-001067,1,9000.0,0,0,0,1,0
2023-09-20,ORD-000303,1,12000.0,0,0,0,1,0
2023-09-20,ORD-000961,1,86000.0,0,0,0,1,0
2023-09-21,ORD-000127,1,9000.0,0,0,0,1,0
2023-09-21,ORD-000543,1,82000.0,0,0,0,1,0
2023-09-21,ORD-000758,1,5500.0,0,0,0,1,0
2023-09-21,ORD-000958,1,2700.0,0,0,0,1,0
2023-09-21,ORD-001185,1,5000.0,0,0,0,1,0
2023-09-22,ORD-000851,1,27600.0,0,0,0,1,0
2023-09-22,ORD-000925,1,9000.0,0,0,0,1,0
2023-09-23,ORD-000089,1,7000.0,0,0,0,1,0
2023-09-23,ORD-000641,1,54100.0,0,0,0,1,0
2023-09-23,ORD-000831,1,12000.0,0,0,0,1,0
2023-09-23,ORD-000901,1,6500.0,0,0,0,1,0
2023-09-23,ORD-001163,1,76200.0,0,0,0,1,0
2023-09-24,ORD-000966,1,40000.0,0,0,0,1,0
2023-09-24,ORD-000977,1,19.89,0,0,0,1,0
2023-09-25,ORD-000210,1,20700.0,0,0,0,1,0
2023-09-27,ORD-000008,1,9000.0,0,0,0,1,0
2023-09-27,ORD-001081,1,118000.0,0,0,0,1,0
2023-09-28,ORD-000051,1,37900.0,0,0,0,1,0
2023-09-28,ORD-000377,1,154300.0,0,0,0,1,0
2023-09-28,ORD-000450,1,42.91,0,0,0,1,0
2023-09-28,ORD-000754,1,12000.0,0,0,0,1,0
2023-09-28,ORD-001093,1,76500.0,0,0,0,1,0
2023-09-28,ORD-001125,1,111900.0,0,0,0,1,0
2023-09-29,ORD-000528,1,55700.0,0,0,0,1,0
2023-09-29,ORD-000628,1,9600.0,0,0,0,1,0
2023-09-29,ORD-000774,1,12000.0,0,0,0,1,0
2023-09-29,ORD-000896,1,71.73,0,0,0,1,0
2023-09-30,ORD-000116,1,27600.0,0,0,0,1,0
2023-09-30,ORD-000251,1,46400.0,0,0,0,1,0
2023-09-30,ORD-000811,1,35300.0,0,0,0,1,0
2023-09-30,ORD-000843,1,40000.0,0,0,0,1,0
2023-09-30,ORD-001042,1,112700.0,0,0,0,1,0
2023-10-02,ORD-000610,1,98.26,0,0,0,1,0
2023-10-02,ORD-000627,1,9000.0,0,0,0,1,0
2023-10-02,ORD-001185,1,76800.0,0,0,0,1,0
2023-10-03,ORD-000230,1,18000.0,0,0,0,1,0
2023-10-03,ORD-000822,1,9000.0,0,0,0,1,0
2023-10-03,ORD-000898,1,8000.0,0,0,0,1,0
2023-10-04,ORD-000682,1,78000.0,0,0,0,1,0
2023-10-05,ORD-000182,1,9000.0,0,0,0,1,0
2023-10-05,ORD-000503,1,25000.0,0,0,0,1,0
2023-10-05,ORD-001114,1,9000.0,0,0,0,1,0
2023-10-06,ORD-000921,1,5000.0,0,0,0,1,0
2023-10-07,ORD-000792,1,6500.0,0,0,0,1,0
2023-10-08,ORD-000862,1,62500.0,0,0,0,1,0
2023-10-08,ORD-000942,1,5000.0,0,0,0,1,0
2023-10-08,ORD-001176,1,88200.0,0,0,0,1,0
2023-10-09,ORD-000337,1,88.04,0,0,0,1,0
2023-10-10,ORD-000001,1,57700.0,0,0,0,1,0
2023-10-10,ORD-000455,1,103100.0,0,0,0,1,0
2023-10-10,ORD-001046,1,25000.0,0,0,0,1,0
2023-10-10,ORD-001144,1,5000.0,0,0,0,1,0
2023-10-11,ORD-000117,1,19000.0,0,0,0,1,0
2023-10-11,ORD-000467,1,25000.0,0,0,0,1,0
2023-10-12,ORD-001095,1,161000.0,0,0,0,1,0
2023-10-13,ORD-000344,1,40000.0,0,0,0,1,0
2023-10-13,ORD-001027,1,152000.0,0,0,0,1,0
2023-10-15,ORD-000527,1,33400.0,0,0,0,1,0
2023-10-15,ORD-000778,1,5000.0,0,0,0,1,0
2023-10-15,ORD-001111,1,25000.0,0,0,0,1,0
2023-10-15,ORD-001117,1,7500.0,0,0,0,1,0
2023-10-15,ORD-001148,1,3000.0,0,0,0,1,0
2023-10-16,ORD-000622,1,12000.0,0,0,0,1,0
2023-10-16,ORD-000972,1,150.31,0,0,0,1,0
2023-10-17,ORD-000042,1,37000.0,0,0,0,1,0
2023-10-17,ORD-000502,1,31500.0,0,0,0,1,0
2023-10-17,ORD-000808,1,9000.0,0,0,0,1,0
2023-10-17,ORD-001120,1,8200.0,0,0,0,1,0
2023-10-18,ORD-000914,1,84500.0,0,0,0,1,0
2023-10-18,ORD-000949,1,12000.0,0,0,0,1,0
2023-10-18,ORD-001077,1,151000.0,0,0,0,1,0
2023-10-19,ORD-000060,1,18000.0,0,0,0,1,0
2023-10-19,ORD-000385,1,25000.0,0,0,0,1,0
2023-10-20,ORD-000102,1,112500.0,0,0,0,1,0
2023-10-20,ORD-000950,1,34500.0,0,0,0,1,0
2023-10-20,ORD-001000,1,1500.0,0,0,0,1,0
2023-10-21,ORD-000139,1,28.32,0,0,0,1,0
2023-10-21,ORD-000490,1,28500.0,0,0,0,1,0
2023-10-21,ORD-001076,1,130700.0,0,0,0,1,0
2023-10-22,ORD-000570,1,18000.0,0,0,0,1,0
2023-10-22,ORD-000627,1,40000.0,0,0,0,1,0
2023-10-22,ORD-001053,1,5000.0,0,0,0,1,0
2023-10-23,ORD-000345,1,40000.0,0,0,0,1,0
2023-10-23,ORD-000964,1,44.59,0,0,0,1,0
2023-10-24,ORD-000586,1,109900.0,0,0,0,1,0
2023-10-24,ORD-000691,1,8.44,0,0,0,1,0
2023-10-24,ORD-001002,1,80200.0,0,0,0,1,0
2023-10-24,ORD-001186,1,9000.0,0,0,0,1,0
2023-10-25,ORD-000047,1,25700.0,0,0,0,1,0
2023-10-25,ORD-000704,1,40000.0,0,0,0,1,0
2023-10-26,ORD-000334,1,49600.0,0,0,0,1,0
2023-10-27,ORD-000113,1,5000.0,0,0,0,1,0
2023-10-27,ORD-000441,1,18000.0,0,0,0,1,0
2023-10-27,ORD-000534,1,73100.0,0,0,0,1,0
2023-10-28,ORD-000113,1,44100.0,0,0,0,1,0
2023-10-28,ORD-000244,1,9200.0,0,0,0,1,0
2023-10-28,ORD-000314,1,83100.0,0,0,0,1,0
2023-10-28,ORD-000456,1,18000.0,0,0,0,1,0
2023-10-28,ORD-000468,1,9000.0,0,0,0,1,0
2023-10-28,ORD-000469,1,31500.0,0,0,0,1,0
2023-10-29,ORD-000402,1,46500.0,0,0,0,1,0
2023-10-29,ORD-001009,1,55600.0,0,0,0,1,0
2023-10-30,ORD-000191,1,36.88,0,0,0,1,0
2023-10-30,ORD-000318,1,9000.0,0,0,0,1,0
2023-10-30,ORD-000708,1,9000.0,0,0,0,1,0
2023-10-30,ORD-000937,1,40000.0,0,0,0,1,0
2023-11-01,ORD-000226,1,40000.0,0,0,0,1,0
2023-11-01,ORD-000332,1,15.41,0,0,0,1,0
2023-11-03,ORD-000142,1,12000.0,0,0,0,1,0
2023-11-03,ORD-000169,1,5000.0,0,0,0,1,0
2023-11-03,ORD-000247,1,43800.0,0,0,0,1,0
2023-11-03,ORD-000372,1,40000.0,0,0,0,1,0
2023-11-03,ORD-000471,1,40000.0,0,0,0,1,0
2023-11-03,ORD-000578,1,44000.0,0,0,0,1,0
2023-11-03,ORD-001183,1,198600.0,0,0,0,1,0
2023-11-04,ORD-000490,1,40000.0,0,0,0,1,0
2023-11-04,ORD-000523,1,19000.0,0,0,0,1,0
2023-11-04,ORD-001119,1,40000.0,0,0,0,1,0
2023-11-05,ORD-000663,1,18000.0,0,0,0,1,0
2023-11-05,ORD-001166,1,72100.0,0,0,0,1,0
2023-11-06,ORD-000986,1,25000.0,0,0,0,1,0
2023-11-07,ORD-000079,1,18000.0,0,0,0,1,0
2023-11-07,ORD-000122,1,18000.0,0,0,0,1,0
2023-11-07,ORD-000849,1,23500.0,0,0,0,1,0
2023-11-08,ORD-000157,1,18000.0,0,0,0,1,0
2023-11-08,ORD-000344,1,9000.0,0,0,0,1,0
2023-11-08,ORD-000609,1,8000.0,0,0,0,1,0
2023-11-09,ORD-000548,1,31000.0,0,0,0,1,0
2023-11-09,ORD-001172,1,8500.0,0,0,0,1,0
2023-11-10,ORD-000903,1,43800.0,0,0,0,1,0
2023-11-11,ORD-000714,1,94500.0,0,0,0,1,0
2023-11-11,ORD-000923,1,17200.0,0,0,0,1,0
2023-11-12,ORD-000255,1,25000.0,0,0,0,1,0
2023-11-13,ORD-000432,1,14000.0,0,0,0,1,0
2023-11-14,ORD-000161,1,15000.0,0,0,0,1,0
2023-11-14,ORD-000470,1,58500.0,0,0,0,1,0
2023-11-14,ORD-000939,1,15500.0,0,0,0,1,0
2023-11-14,ORD-001179,1,5000.0,0,0,0,1,0
2023-11-14,ORD-001196,1,18000.0,0,0,0,1,0
2023-11-15,ORD-000144,1,86900.0,0,0,0,1,0
2023-11-15,ORD-000237,1,51900.0,0,0,0,1,0
2023-11-15,ORD-001113,1,118700.0,0,0,0,1,0
2023-11-16,ORD-000407,1,44100.0,0,0,0,1,0
2023-11-16,ORD-000616,1,116500.0,0,0,0,1,0
2023-11-16,ORD-000744,1,5.53,0,0,0,1,0
2023-11-16,ORD-001066,1,1500.0,0,0,0,1,0
2023-11-17,ORD-000164,1,34500.0,0,0,0,1,0
2023-11-17,ORD-000260,1,25000.0,0,0,0,1,0
2023-11-17,ORD-000836,1,5500.0,0,0,0,1,0
2023-11-18,ORD-000500,1,8000.0,0,0,0,1,0
2023-11-19,ORD-000046,1,25000.0,0,0,0,1,0
2023-11-19,ORD-000169,1,107.13,0,0,0,1,0
2023-11-19,ORD-000232,1,4500.0,0,0,0,1,0
2023-11-19,ORD-000305,1,25000.0,0,0,0,1,0
2023-11-19,ORD-000573,1,5000.0,0,0,0,1,0
2023-11-19,ORD-000804,1,5000.0,0,0,0,1,0
2023-11-20,ORD-000536,1,4500.0,0,0,0,1,0
2023-11-20,ORD-000945,1,18000.0,0,0,0,1,0
2023-11-21,ORD-000446,1,1500.0,0,0,0,1,0
2023-11-22,ORD-000038,1,5000.0,0,0,0,1,0
2023-11-22,ORD-000963,1,13400.0,0,0,0,1,0
2023-11-23,ORD-000080,1,18000.0,0,0,0,1,0
2023-11-23,ORD-000520,1,83100.0,0,0,0,1,0
2023-11-23,ORD-001240,1,18000.0,0,0,0,1,0
2023-11-24,ORD-000074,1,5000.0,0,0,0,1,0
2023-11-24,ORD-000159,1,5000.0,0,0,0,1,0
2023-11-25,ORD-000332,1,12000.0,0,0,0,1,0
2023-11-25,ORD-000411,1,41.03,0,0,0,1,0
2023-11-25,ORD-000939,1,5000.0,0,0,0,1,0
2023-11-26,ORD-000731,1,9000.0,0,0,0,1,0
2023-11-26,ORD-000858,1,18000.0,0,0,0,1,0
2023-11-26,ORD-000952,1,18200.0,0,0,0,1,0
2023-11-27,ORD-000780,1,69400.0,0,0,0,1,0
2023-11-27,ORD-000915,1,17100.0,0,0,0,1,0
2023-11-27,ORD-001070,1,158100.0,0,0,0,1,0
2023-11-28,ORD-000007,1,63.79,0,0,0,1,0
2023-11-28,ORD-000489,1,40000.0,0,0,0,1,0
2023-11-28,ORD-000665,1,9000.0,0,0,0,1,0
2023-11-29,ORD-000477,1,75000.0,0,0,0,1,0
2023-11-29,ORD-000685,1,21600.0,0,0,0,1,0
2023-11-30,ORD-000789,1,5000.0,0,0,0,1,0
2023-12-01,ORD-000015,1,13000.0,0,0,0,1,0
2023-12-01,ORD-000467,1,13.56,0,0,0,1,0
2023-12-01,ORD-000642,1,5000.0,0,0,0,1,0
2023-12-01,ORD-000659,1,18000.0,0,0,0,1,0
2023-12-03,ORD-000121,1,30400.0,0,0,0,1,0
2023-12-03,ORD-000462,1,25000.0,0,0,0,1,0
2023-12-03,ORD-000579,1,12000.0,0,0,0,1,0
2023-12-03,ORD-000630,1,5000.0,0,0,0,1,0
2023-12-03,ORD-000786,1,97300.0,0,0,0,1,0
2023-12-04,ORD-000024,1,147700.0,0,0,0,1,0
2023-12-04,ORD-000272,1,73600.0,0,0,0,1,0
2023-12-04,ORD-001099,1,106500.0,0,0,0,1,0
2023-12-05,ORD-000148,1,25000.0,0,0,0,1,0
2023-12-05,ORD-000208,1,9000.0,0,0,0,1,0
2023-12-05,ORD-000437,1,25000.0,0,0,0,1,0
2023-12-06,ORD-001053,1,25000.0,0,0,0,1,0
2023-12-07,ORD-000397,1,1500.0,0,0,0,1,0
2023-12-07,ORD-000530,1,12000.0,0,0,0,1,0
2023-12-07,ORD-000702,1,28.52,0,0,0,1,0
2023-12-07,ORD-000899,1,27100.0,0,0,0,1,0
2023-12-08,ORD-000349,1,64.77,0,0,0,1,0
2023-12-08,ORD-000758,1,18000.0,0,0,0,1,0
2023-12-09,ORD-000479,1,12000.0,0,0,0,1,0
2023-12-09,ORD-000767,1,36.67,0,0,0,1,0
2023-12-10,ORD-000758,1,88.63,0,0,0,1,0
2023-12-11,ORD-001112,1,4500.0,0,0,0,1,0
2023-12-12,ORD-000150,1,58100.0,0,0,0,1,0
2023-12-12,ORD-000341,1,25500.0,0,0,0,1,0
2023-12-12,ORD-000535,1,12000.0,0,0,0,1,0
2023-12-12,ORD-000907,1,5000.0,0,0,0,1,0
2023-12-13,ORD-000059,1,81000.0,0,0,0,1,0
2023-12-13,ORD-000590,1,117000.0,0,0,0,1,0
2023-12-13,ORD-000692,1,18000.0,0,0,0,1,0
2023-12-13,ORD-000844,1,25000.0,0,0,0,1,0
2023-12-13,ORD-001118,1,21000.0,0,0,0,1,0
2023-12-14,ORD-000127,1,25000.0,0,0,0,1,0
2023-12-14,ORD-001000,1,9200.0,0,0,0,1,0
2023-12-14,ORD-001059,1,35.59,0,0,0,1,0
2023-12-14,ORD-001158,1,50500.0,0,0,0,1,0
2023-12-15,ORD-000546,1,112100.0,0,0,0,1,0
2023-12-15,ORD-000746,1,3000.0,0,0,0,1,0
2023-12-15,ORD-000979,1,40000.0,0,0,0,1,0
2023-12-16,ORD-000027,1,80400.0,0,0,0,1,0
2023-12-16,ORD-000401,1,25000.0,0,0,0,1,0
2023-12-16,ORD-000416,1,8500.0,0,0,0,1,0
2023-12-16,ORD-000864,1,28800.0,0,0,0,1,0
2023-12-16,ORD-000951,1,45800.0,0,0,0,1,0
2023-12-17,ORD-000144,1,5000.0,0,0,0,1,0
2023-12-17,ORD-000372,1,10500.0,0,0,0,1,0
2023-12-17,ORD-000395,1,85000.0,0,0,0,1,0
2023-12-18,ORD-000201,1,12000.0,0,0,0,1,0
2023-12-18,ORD-001019,1,19600.0,0,0,0,1,0
2023-12-18,ORD-001107,1,5000.0,0,0,0,1,0
2023-12-18,ORD-001145,1,19500.0,0,0,0,1,0
2023-12-19,ORD-000797,1,37500.0,0,0,0,1,0
2023-12-20,ORD-000182,1,9000.0,0,0,0,1,0
2023-12-20,ORD-000812,1,12000.0,0,0,0,1,0
2023-12-20,ORD-000824,1,9000.0,0,0,0,1,0
2023-12-21,ORD-000925,1,12000.0,0,0,0,1,0
2023-12-22,ORD-000227,1,9000.0,0,0,0,1,0
2023-12-22,ORD-000232,1,5000.0,0,0,0,1,0
2023-12-22,ORD-000355,1,12000.0,0,0,0,1,0
2023-12-22,ORD-000850,1,12000.0,0,0,0,1,0
2023-12-22,ORD-000959,1,41500.0,0,0,0,1,0
2023-12-23,ORD-000045,1,87000.0,0,0,0,1,0
2023-12-23,ORD-000108,1,47700.0,0,0,0,1,0
2023-12-23,ORD-000206,1,40000.0,0,0,0,1,0
2023-12-24,ORD-000038,1,22200.0,0,0,0,1,0
2023-12-24,ORD-000399,1,25000.0,0,0,0,1,0
2023-12-24,ORD-000438,1,40000.0,0,0,0,1,0
2023-12-24,ORD-000673,1,70100.0,0,0,0,1,0
2023-12-24,ORD-000817,1,5500.0,0,0,0,1,0
2023-12-25,ORD-000488,1,39000.0,0,0,0,1,0
2023-12-26,ORD-000444,1,40000.0,0,0,0,1,0
2023-12-28,ORD-000316,1,100500.0,0,0,0,1,0
2023-12-28,ORD-000851,1,18000.0,0,0,0,1,0
2023-12-28,ORD-001157,1,91000.0,0,0,0,1,0
2023-12-30,ORD-000501,1,66600.0,0,0,0,1,0
2023-12-30,ORD-000634,1,18000.0,0,0,0,1,0
2023-12-30,ORD-000989,1,151500.0,0,0,0,1,0
2023-12-31,ORD-000671,1,71000.0,0,0,0,1,0
2026-02-11,ORD-260219-00013,1,0.0,0,0,1,1,0
2026-02-11,ORD-260219-00019,1,0.0,0,0,1,1,0
2026-02-11,ORD-260219-00024,1,9000.0,1,0,0,1,0
2026-02-11,ORD-260219-00038,1,25000.0,1,0,0,1,0
2026-02-12,ORD-260219-00007,1,65000.0,0,0,0,1,0
2026-02-12,ORD-260219-00008,1,0.0,0,0,0,1,0
2026-02-12,ORD-260219-00017,1,25000.0,0,0,0,1,0
2026-02-12,ORD-260219-00019,1,0.0,0,0,1,1,0
2026-02-12,ORD-260219-00026,1,5000.0,1,0,0,1,0
2026-02-12,ORD-260219-00065,1,19.27,0,1,0,1,0
2026-02-12,ORD-UNKNOWN-5415,1,13000.0,0,1,0,1,0
2026-02-13,ORD-260219-00001,1,0.0,0,0,1,1,0
2026-02-13,ORD-260219-00005,1,5000.0,1,0,0,1,0
2026-02-13,ORD-260219-00012,1,0.0,0,0,1,1,0
2026-02-13,ORD-260219-00017,1,0.0,0,0,1,1,0
2026-02-13,ORD-260219-00019,1,0.0,0,0,1,1,0
2026-02-13,ORD-260219-00020,1,0.0,0,0,1,1,0
2026-02-13,ORD-260219-00024,1,18000.0,0,0,0,1,0
2026-02-13,ORD-260219-00041,1,65000.0,1,0,0,1,0
2026-02-13,ORD-260219-00042,2,2500.0,0,1,0,2,0
2026-02-13,ORD-260219-00073,1,0.0,0,0,1,1,0
2026-02-14,ORD-260219-00004,1,0.0,0,0,1,1,0
2026-02-14,ORD-260219-00018,1,5000.0,0,0,0,1,0
2026-02-14,ORD-260219-00030,1,0.0,0,0,0,1,0
2026-02-14,ORD-260219-00036,2,58000.0,2,0,0,2,0
2026-02-14,ORD-260219-00044,1,18000.0,0,0,0,1,0
2026-02-14,ORD-260219-00050,1,0.0,0,0,0,1,0
2026-02-14,ORD-260219-00056,1,18000.0,0,1,0,1,0
2026-02-14,ORD-260219-00062,1,4.7,0,1,0,1,0
2026-02-14,ORD-UNKNOWN-6798,1,5000.0,1,0,0,1,0
2026-02-15,ORD-260219-00011,1,5000.0,1,0,0,1,0
2026-02-15,ORD-260219-00017,1,0.0,0,0,0,1,0
2026-02-15,ORD-260219-00043,1,0.0,0,0,1,1,0
2026-02-15,ORD-260219-00072,1,0.0,0,0,1,1,0
2026-02-16,ORD-260219-00026,1,5000.0,1,0,0,1,0
2026-02-16,ORD-260219-00030,1,65000.0,1,0,0,1,0
2026-02-16,ORD-260219-00036,1,0.0,0,0,0,1,0
2026-02-16,ORD-260219-00037,1,8.5,0,0,0,1,0
2026-02-16,ORD-260219-00053,1,40000.0,1,0,0,1,0
2026-02-16,ORD-260219-00071,1,12000.0,1,0,0,1,0
2026-02-17,ORD-260219-00012,1,0.0,0,0,1,1,0
2026-02-17,ORD-260219-00045,1,2500.0,0,1,0,1,0
2026-02-17,ORD-260219-00051,1,0.0,0,0,1,1,0
2026-02-17,ORD-260219-00056,1,5000.0,0,0,0,1,0
2026-02-17,ORD-260219-00068,2,9000.0,1,0,1,2,0
2026-02-17,ORD-UNKNOWN-1138,1,18000.0,1,0,0,1,0
2026-02-18,ORD-260219-00003,1,40000.0,0,1,0,1,0
2026-02-18,ORD-260219-00005,1,0.0,0,0,0,0,0
2026-02-18,ORD-260219-00008,2,77000.0,1,0,0,0,0
2026-02-18,ORD-260219-00015,1,9000.0,1,0,0,0,0
2026-02-18,ORD-260219-00017,1,1500.0,0,1,0,0,0
2026-02-18,ORD-260219-00018,1,0.0,0,0,1,0,0
2026-02-18,ORD-260219-00020,1,0.0,0,0,0,0,0
2026-02-18,ORD-260219-00021,1,12000.0,1,0,0,0,0
2026-02-18,ORD-260219-00023,1,40000.0,1,0,0,0,0
2026-02-18,ORD-260219-00028,1,65000.0,1,0,0,0,0
2026-02-18,ORD-260219-00032,1,18000.0,0,0,0,0,0
2026-02-18,ORD-260219-00033,1,25000.0,0,1,0,1,0
2026-02-18,ORD-260219-00035,1,18000.0,0,0,0,0,0
2026-02-18,ORD-260219-00038,1,5000.0,1,0,0,0,0
2026-02-18,ORD-260219-00040,2,21000.0,0,0,0,0,0
2026-02-18,ORD-260219-00042,1,0.0,0,0,1,0,0
2026-02-18,ORD-260219-00049,1,40000.0,0,0,0,0,0
2026-02-18,ORD-260219-00055,1,0.0,0,0,1,1,0
2026-02-18,ORD-260219-00058,1,25000.0,0,0,0,1,0
2026-02-18,ORD-260219-00059,1,0.0,0,0,1,0,0
2026-02-18,ORD-260219-00062,1,18000.0,1,0,0,0,0
2026-02-18,ORD-260219-00068,1,12000.0,0,1,0,0,0
2026-02-18,ORD-260219-00071,1,9000.0,0,1,0,0,0
2026-02-18,ORD-260219-00074,1,65000.0,0,0,0,0,0
2026-02-19,ORD-260219-00001,2,48000.0,0,1,0,0,0
2026-02-19,ORD-260219-00002,7,105500.0,2,1,2,0,0
2026-02-19,ORD-260219-00003,3,25005.38,0,1,1,0,0
2026-02-19,ORD-260219-00004,5,26005.62,1,1,0,0,0
2026-02-19,ORD-260219-00005,4,78044.1,2,1,0,0,0
2026-02-19,ORD-260219-00006,5,49000.0,1,0,3,0,0
2026-02-19,ORD-260219-00007,1,12000.0,1,0,0,0,0
2026-02-19,ORD-260219-00008,7,106000.0,2,1,1,0,0
2026-02-19,ORD-260219-00009,6,178025.99,3,1,1,0,0
2026-02-19,ORD-260219-00010,9,126537.49,5,2,1,0,0
2026-02-19,ORD-260219-00011,11,102027.95999999999,4,2,3,0,0
2026-02-19,ORD-260219-00012,3,74023.61,1,1,0,0,0
2026-02-19,ORD-260219-00013,5,17042.37,2,0,2,0,0
2026-02-19,ORD-260219-00014,5,40000.0,1,0,3,0,0
2026-02-19,ORD-260219-00015,4,52000.0,2,1,0,0,0
2026-02-19,ORD-260219-00016,4,9000.0,0,0,3,0,0
2026-02-19,ORD-260219-00017,5,42509.4,1,1,1,0,0
2026-02-19,ORD-260219-00018,8,69000.0,4,0,2,0,0
2026-02-19,ORD-260219-00019,2,17000.0,1,0,0,0,0
2026-02-19,ORD-260219-00020,4,49000.0,0,1,2,0,0
2026-02-19,ORD-260219-00021,2,2562.5,0,1,0,0,0
2026-02-19,ORD-260219-00022,7,83573.86,2,2,2,0,0
2026-02-19,ORD-260219-00023,5,77027.62,2,0,1,0,0
2026-02-19,ORD-260219-00024,3,6524.9,0,2,1,0,0
2026-02-19,ORD-260219-00025,3,9000.0,0,0,1,0,0
2026-02-19,ORD-260219-00026,5,66000.0,2,1,1,0,0
2026-02-19,ORD-260219-00027,6,54012.229999999996,1,1,2,0,0
2026-02-19,ORD-260219-00028,2,83000.0,0,0,0,0,0
2026-02-19,ORD-260219-00029,3,12000.0,0,0,1,0,0
2026-02-19,ORD-260219-00030,5,22500.0,1,2,1,0,0
2026-02-19,ORD-260219-00031,7,87000.0,4,0,0,0,0
2026-02-19,ORD-260219-00032,5,65091.76,2,1,1,0,0
2026-02-19,ORD-260219-00033,4,40000.0,0,0,2,0,0
2026-02-19,ORD-260219-00034,4,30000.0,1,0,1,0,0
2026-02-19,ORD-260219-00035,8,34525.119999999995,4,1,2,0,0
2026-02-19,ORD-260219-00036,7,58000.0,2,0,2,0,0
2026-02-19,ORD-260219-00037,6,22044.739999999998,2,2,1,0,0
2026-02-19,ORD-260219-00038,10,59500.0,2,1,4,0,0
2026-02-19,ORD-260219-00039,5,49009.68,2,0,2,0,0
2026-02-19,ORD-260219-00040,4,77000.0,3,0,0,0,0
2026-02-19,ORD-260219-00041,3,18000.0,1,0,1,0,0
2026-02-19,ORD-260219-00042,7,79546.4,4,1,1,0,0
2026-02-19,ORD-260219-00043,10,169010.0,5,0,3,0,0
2026-02-19,ORD-260219-00044,3,0.0,1,0,2,0,0
2026-02-19,ORD-260219-00045,7,20510.06,1,3,2,0,0
2026-02-19,ORD-260219-00046,6,134000.0,2,1,2,0,0
2026-02-19,ORD-260219-00047,4,13.03,0,0,3,0,0
2026-02-19,ORD-260219-00048,3,12000.0,0,0,1,0,0
2026-02-19,ORD-260219-00049,9,126000.0,3,1,2,0,0
2026-02-19,ORD-260219-00050,4,86000.0,2,0,1,0,0
2026-02-19,ORD-260219-00051,9,63000.0,4,0,3,0,0
2026-02-19,ORD-260219-00052,6,30033.670000000002,1,1,2,0,0
2026-02-19,ORD-260219-00053,4,17000.0,0,0,2,0,0
2026-02-19,ORD-260219-00054,11,69511.39,2,2,4,0,0
2026-02-19,ORD-260219-00055,7,31000.0,3,0,3,0,0
2026-02-19,ORD-260219-00056,5,74012.04000000001,4,0,1,0,0
2026-02-19,ORD-260219-00057,7,72043.1,2,2,0,0,0
2026-02-19,ORD-260219-00058,5,109504.81,3,1,0,0,0
2026-02-19,ORD-260219-00059,7,144000.0,5,0,0,0,0
2026-02-19,ORD-260219-00060,4,49013.53,1,1,1,0,0
2026-02-19,ORD-260219-00061,9,47500.0,2,1,3,0,0
2026-02-19,ORD-260219-00062,6,235000.0,4,0,1,0,0
2026-02-19,ORD-260219-00063,7,145000.0,3,1,1,0,0
2026-02-19,ORD-260219-00064,3,70000.0,2,0,0,0,0
2026-02-19,ORD-260219-00065,7,105034.78,3,0,2,0,0
2026-02-19,ORD-260219-00066,8,59000.0,2,0,3,0,0
2026-02-19,ORD-260219-00067,5,83000.0,1,0,1,0,0
2026-02-19,ORD-260219-00068,5,164000.0,1,2,0,0,0
2026-02-19,ORD-260219-00069,6,51000.0,3,0,0,0,0
2026-02-19,ORD-260219-00070,6,42025.51,3,0,2,0,0
2026-02-19,ORD-260219-00071,4,46000.0,2,0,0,0,0
2026-02-19,ORD-260219-00072,4,83000.0,1,0,1,0,0
2026-02-19,ORD-260219-00073,4,126000.0,3,0,0,0,0
2026-02-19,ORD-260219-00074,10,129000.0,3,1,2,0,0
2026-02-19,ORD-260219-00075,6,95042.02,2,0,1,0,0
2026-02-19,ORD-UNKNOWN-1567,1,0.0,0,0,0,0,0
2026-02-19,ORD-UNKNOWN-2746,1,0.0,0,0,1,0,0
2026-02-19,ORD-UNKNOWN-3276,1,0.0,0,0,1,0,0
2026-02-19,ORD-UNKNOWN-4533,1,0.0,0,0,0,0,0
2026-02-19,ORD-UNKNOWN-5481,1,9000.0,0,1,0,0,0
2026-02-19,ORD-UNKNOWN-6325,1,12000.0,1,0,0,0,0
2026-02-19,ORD-UNKNOWN-6558,1,0.0,0,0,0,0,0
2026-02-19,ORD-UNKNOWN-6763,1,65000.0,1,0,0,0,0
2026-02-19,ORD-UNKNOWN-6780,1,5000.0,1,0,0,0,0
2026-02-19,ORD-UNKNOWN-7044,1,0.0,0,0,1,0,0
2026-02-19,ORD-UNKNOWN-7841,1,0.0,0,0,1,0,0
2026-02-19,ORD-UNKNOWN-8438,1,18000.0,0,1,0,0,0
2026-02-19,ORD-UNKNOWN-9084,1,18000.0,0,1,0,0,0
